post_id,text,language,type,bookmark_count,favorite_count,repost_count,reply_count,view_count,created_at,urls,media_type,media_urls
'2004799989198061950',"@Cobratate Ship has sailed and the tide has changed, accountability is coming https://t.co/tAfkTLtl1r",en,Reply,3,691,37,31,7923,12/27/2025 1:22,,photo,https://pbs.twimg.com/media/G9J69ttbcAAbuYu.jpg
'2004778055110459823',@JackPosobiec Thank you Jack,en,Reply,4,768,13,21,7612,12/26/2025 23:55,,,
'2004777990941745212',@iFightForKids 🙏🏼,qme,Reply,3,1012,23,31,8871,12/26/2025 23:54,,,
'2004772882879271221',@iAnonPatriot 🙏🏼,qme,Reply,1,904,16,33,8084,12/26/2025 23:34,,,
'2004769495081222573',"Tim is on the clock. 

He will either resign and flee to  avoid accountability or be dumb enough to continue his campaign for reelection",en,Post,76,7818,833,342,157016,12/26/2025 23:21,,,
'2004763964341977562',@elonmusk @GovTimWalz Tim Walz time is OVER! The scariest thing is how he was one election away from the White House 💀,en,Reply,46,7607,451,130,47573,12/26/2025 22:59,,,
'2004747928959963545',@Cobratate They all must go https://t.co/cEr2I2KGZP,en,Reply,80,4560,368,120,44699,12/26/2025 21:55,,video,https://video.twimg.com/amplify_video/2004747873137643520/vid/avc1/704x1280/NAzzNfntT5iG4SxL.mp4?tag=21
'2004731727030485368',"@Savsays Thank you Savanah, really appreciate it!",en,Reply,7,3201,79,53,24006,12/26/2025 20:51,,,
'2004710028910231750',Tim Walz is an American Pirate,en,Post,96,17996,1767,699,229601,12/26/2025 19:24,,,
'2004697027998064904',@C_3C_3 This is true,en,Reply,22,5914,221,89,32875,12/26/2025 18:33,,,
'2004691473313452512',@JoeyMannarino 🤝🤝,qme,Reply,1,1082,30,45,11834,12/26/2025 18:11,,,
'2004689455953928626',"@brian_armstrong Amen, this is journalism that will ACTUALLY create change. Fraudsters and corrupt politicians should be worried.",en,Reply,28,5565,347,143,33565,12/26/2025 18:03,,,
'2004642794862961123',"🚨 Here is the full 42 minutes of my crew and I exposing Minnesota fraud, this might be my most important work yet. We uncovered over $110,000,000 in ONE day. Like it and share it around like wildfire! Its time to hold these corrupt politicians and fraudsters accountable

We ALL work way too hard and pay too much in taxes for this to be happening, the fraud must be stopped.",en,Post,30901,159635,52035,7438,15196247,12/26/2025 14:57,,video,https://video.twimg.com/amplify_video/2004638947746443264/vid/avc1/1920x1080/t1pAxDnEIvl0b0_m.mp4?tag=21
'2004665648711172347',"Thank you all for watching and sharing, it’s important that this fraud is exposed. I tried my best to just show the facts and make it transparent for everyone to see. 

I've been getting thousands of messages from people who want to support my work, the most important thing is to follow me here on X and on youtube!

For those that would like to support financially you can become a member on youtube ($5 a month) or I accept donations via venmo/cashapp @ Nickshirley21

The fraud exposing will continue... and no I’m not suicidal, and yes the donations will be used for security. Security for this video alone cost $3,600 so it is not cheap but necessary. Appreciate you all for watching and caring 🙌🏼",en,Reply,336,31634,4412,753,503946,12/26/2025 16:28,,,
'2004652340209754179',@CollinRugg David is an absolute legend! Thank you for sharing,en,Reply,9,2021,93,36,19565,12/26/2025 15:35,,,
'2004631403410194521',"Tim Walz and the fraudsters aren’t escaping this one

In one day my crew and I uncovered over $110,000,000 in fraud, this is just the tip of the iceberg

We the people simply work too hard and pay too much in taxes to allow this to happen, they must be held accountable.",en,Post,1564,87160,15544,2185,1497092,12/26/2025 14:12,,,
'2004644316573286529',"I've been getting thousands of messages from people who want to support my work, the most important thing is to follow me here and on youtube!

For those that would like to support financially you can become a member on youtube ($5 a month) or I accept donations via venmo/cashapp @ Nickshirley21

The fraud exposing will continue... and no I’m not suicidal, and yes the donations will be used for security",en,Reply,108,8999,1294,235,202798,12/26/2025 15:03,,,
'2004643183758827883',"@ValentinaForUSA There has never been an exposé like this before, and you must believe something will be done if you actually want something to be done.",en,Reply,15,3193,192,103,34662,12/26/2025 14:59,,,
'2004635702345203930',@greg_price11 White liberal women tend to support the people that steal and rob from them,en,Reply,26,3118,148,84,21825,12/26/2025 14:29,,,
'2004628676068200814',@EricLDaugh All I wanted was some health care rates 😭,en,Reply,13,3973,136,95,47777,12/26/2025 14:01,,,
'2004628410455523513',"@nicksortor So much fraud it’s actually insane, 14 “health care” companies in one building… could it be any more obvious???",en,Reply,48,4992,543,113,49487,12/26/2025 14:00,,,
'2004622766797197770',"@elonmusk Yes Elon, NO KIDS ANYWHERE. Time to cut all funding in Minnesota.",en,Reply,83,12539,1074,229,116315,12/26/2025 13:38,,,
'2003727267525251378',@america Very deep,en,Reply,0,434,7,10,4758,12/24/2025 2:19,,,
'2003711430697308338',@Austen True.,en,Reply,0,262,7,6,3697,12/24/2025 1:16,,,
'2003706275021095081',"@JamesOKeefeIII Appreciate it James, trying to leave the world with less fraud then I found it because taxes are too high for people to be stealing from hardworking people’s pockets 🤝",en,Reply,7,2632,120,41,16367,12/24/2025 0:56,,,
'2003681710601548183',@the_jefferymead FRAUD!,fr,Reply,3,816,22,11,8952,12/23/2025 23:18,,,
'2003542404440404302',"🚨 This is a prime example of the BILLIONS of dollars in fraud happening right now in Minnesota, this is one of the hundreds of “daycares” receiving millions of dollars from the government, this daycare (that can’t even spell learning right) received $1,900,000 in tax exempt funding from CCAP in 2025. 

This is just one of the 1,000’s of fraudulent businesses operating in Minnesota.",en,Post,9949,99418,30394,3030,4048087,12/23/2025 14:05,,video,https://video.twimg.com/amplify_video/2003542228141236224/vid/avc1/1080x1920/Li6uNF8UkgF-AiOr.mp4?tag=21
'2003542406512410696',"I have more “businesses” that I will be exposing in the coming days. In one afternoon me and my crew exposed over $20,000,000 in fraud. Follow me to not miss it 👀",en,Reply,206,17333,2119,345,230680,12/23/2025 14:05,,,
'2003209329193992615',"@KaitMarieox Great to meet you, can’t wait to watch!",en,Reply,0,297,11,3,6656,12/22/2025 16:01,,,
'2003191312074572184',@WallStreetApes People need to think critically aka have common sense,en,Reply,3,315,20,11,6266,12/22/2025 14:50,,,
'2003177048265863206',@DHSgov This is honestly a great deal - that’s like a year worth of rent in some of their countries,en,Reply,1,339,12,12,9513,12/22/2025 13:53,,,
'2002876627848777919',"@ScottPresler Keep up the great work Scott, have great Christmas everyone!",en,Reply,1,436,11,6,7778,12/21/2025 17:59,,,
'2001734319145185727',"This lady in Texas had a boars head mounted on a stick at protest against the Islamification of Texas. In Texas over 48 mosque have been built in the last 2 years and it’s growing faster than any other religion. 

“It’s like a cancer, we need to nip the cancer right in its butt” https://t.co/0K8TRvk7wc",en,Post,2598,50756,7060,1004,788774,12/18/2025 14:20,,video,https://video.twimg.com/amplify_video/2001733555764731904/vid/avc1/1920x1080/MlggKfmgLIsiv5pH.mp4?tag=21
'2001829245342101732',To watch the full YouTube click this link down below,en,Reply,16,679,63,12,106049,12/18/2025 20:37,,,
'2001829850873762215',WATCH HERE: https://t.co/j0v335kF7d https://t.co/zHCH8hLbbX,en,Reply,74,945,197,20,98375,12/18/2025 20:40,https://youtu.be/e-yA0LJ9PAc?si=B3NKc2dZQUhcx3aA,photo,https://pbs.twimg.com/media/G8ftojRWwAAaVIi.jpg
'2001785201677222185',Minnesota fraud is now at 18 billion dollars… get ready for BILLIONS more,en,Post,142,6154,1411,159,149493,12/18/2025 17:42,,,
'2001746004572541369',@MyronGainesX 💯,qme,Reply,0,107,1,1,9965,12/18/2025 15:06,,,
'2001745769573847520',@KRobbinsMN Put some respect on Kristin’s name!,en,Reply,0,243,3,3,3199,12/18/2025 15:05,,,
'2001541185819808050',"@elliottengenMN Ain’t about politics, fraud is fraud and those that commit the fraud and enable it to happen need to be held accountable",en,Reply,4,496,15,7,3765,12/18/2025 1:33,,,
'2001497858986365059',Tim Walz is actually retarded,en,Post,65,4905,409,85,150320,12/17/2025 22:40,,,
'2001498801685561622',Your representative literally admitted to fraud right here: https://t.co/QDUMO8i361,en,Reply,109,3091,474,80,47390,12/17/2025 22:44,,video,https://video.twimg.com/amplify_video/2001446930539253760/vid/avc1/1920x1080/wtu6dQoTx5MLRdDc.mp4?tag=21
'2001497858986365059',Tim Walz is actually retarded,en,Post,65,4905,409,85,150320,12/17/2025 22:40,,,
'2001447227798020380',"🚨 I confronted a Minnesota state representative after her speech at a fraud meeting today. In her speech she talked about “building trust” and not making this a “partisan” issue

Well ma’am running away from press and being complicit in Minnesotas BILLIONS of dollars worth of fraud and then blaming Trump doesn’t “build trust” either… Tim Walz government is in BIG trouble literally billions of tax dollars have been funneled to Somali ran “businesses”. Fraud is fraud and a crime is a crime, get ready.",en,Post,876,19303,4681,654,470699,12/17/2025 19:19,,video,https://video.twimg.com/amplify_video/2001446930539253760/vid/avc1/1920x1080/wtu6dQoTx5MLRdDc.mp4?tag=21
'2001468354490466603',Be ready for the full fraud video… give me about a week and you’ll be shocked by how blatantly obvious the fraud is in Minnesota,en,Reply,29,2685,245,55,58911,12/17/2025 20:43,,,
'2001492404776398877',"This guy gave a great message to this committee 
https://t.co/Z8Dvq4nXiB",en,Reply,156,2514,483,74,52019,12/17/2025 22:19,,video,https://video.twimg.com/amplify_video/2001354247330209792/vid/avc1/888x496/kW7FAvEJdgM4owco.mp4?tag=21
'2001482737258041518',"@EricLDaugh She admitted to the fraud and the blamed Trump, can’t make this stuff up 💀",en,Reply,13,1821,54,34,19598,12/17/2025 21:40,,,
'2001455163630862386',@LoneStarLegendX 😂😂,qme,Reply,0,232,4,1,12080,12/17/2025 19:51,,,
'2001392007457972353',"AKA Pro-fraud activist are doxxing me for uncovering fraud, yesterday alone we uncovered over 20 million dollars of fraud happening in Minneapolis 

Be ready for this one.",en,Post,60,3857,983,118,98425,12/17/2025 15:40,,,
'1999976050860917188',"@WallStreetApes They make A LOT of money, they are scamming everyone.",en,Reply,2,383,22,6,7096,12/13/2025 17:53,,,
'1999960295440326942',"🚨WATCH: I just interviewed a Muslim about the islamification of America 👀

“Have we been violent against anyone? Have we done anything bad? Most of us are doctors and engineers.” https://t.co/Bv724GpMPE",en,Post,470,3844,598,541,339353,12/13/2025 16:51,,video,https://video.twimg.com/amplify_video/1999960108038864896/vid/avc1/886x490/Dv0qx44_r7zneQIW.mp4?tag=21
'1999953428123152541',"Anti-Islam protest organizer, Jake Lang (@JakeLang), pours bacon onto a Quran 👀

Anti-Islam protesters marched from the Epic mosque to Plano City Hall where Jake is now speaking to a crowd of Christians and Muslims. https://t.co/45LzW55wKX",en,Post,249,6199,1095,464,250015,12/13/2025 16:23,,video,https://video.twimg.com/amplify_video/1999953330316210176/vid/avc1/886x484/u-gZcY0Qv8KKt5IU.mp4?tag=21
'1999929766196269478',"🚨WATCH THIS: I was just KICKED OFF of the property of the Epic Mosque 

“Are you a Muslim? This is the property of the mosque. This is not for you.” https://t.co/AD00b94NQO",en,Post,213,5001,1214,270,70075,12/13/2025 14:49,,video,https://video.twimg.com/amplify_video/1999929623967330304/vid/avc1/886x490/xXRin2uPgoifT1rg.mp4?tag=21
'1999929027545747666',"LIVE @ the Anti-Muslim Protest at the Epic Islamic Center in Texas 👀

https://t.co/I66FBUFBWF",en,Post,23,406,97,21,44198,12/13/2025 14:46,https://www.youtube.com/live/XF5X6s09Tbs?si=48eFOVC_YF055ie7,,
'1999246174029840646',"🚨The EU has literally forced Europe to accept over 87 million migrants into the Europe, just take France for example:
- 77% of rape committed by foreigners
- 92% of theft by foreigners 
- 62% of sexual assault by foreigners 

How has the EU benefited the people of Europe? https://t.co/129hxzMh8R",en,Post,3089,42408,9149,614,1136670,12/11/2025 17:33,,video,https://video.twimg.com/amplify_video/1999245396854603777/vid/avc1/1920x1080/4Ftdq1107by_bSGU.mp4?tag=21
'1999256585894588787',@newyorkshade It’s genuinely crazy how they fine countries like Poland for saying no to mass immigration,en,Reply,3,312,9,14,9903,12/11/2025 18:14,,,
'1999003785524556170',@JoshRainerGold I agree,en,Reply,2,216,0,4,34413,12/11/2025 1:30,,,
'1998927203036463505',@MrAndyNgo Can’t make this stuff up haha,en,Reply,1,420,8,3,6454,12/10/2025 20:25,,,
'1998843172500431180',"This video is the definition of white guilt realizing white guilt is stupid 💀😂

White man says white people deserve to be robbed and then gets robbed 💀 https://t.co/VufTid1NXk",en,Post,7510,37040,4162,1075,2181044,12/10/2025 14:52,,video,https://video.twimg.com/amplify_video/1998843025368453120/vid/avc1/1280x720/XqGQTrzgmYtizlU5.mp4?tag=21
'1998885489101910344',"This is a very real video for those asking, yes people actually think like this white man with white guilt. 

Follow me for more videos from the streets",en,Reply,49,4118,65,33,166002,12/10/2025 17:40,,,
'1998899848784097316',Oh also this was filmed in Minnesota of all places lol,en,Reply,19,2639,57,27,113338,12/10/2025 18:37,,,
'1998593953663447457',@VickieforNYC He’s a moron,en,Reply,2,41,1,1,1546,12/9/2025 22:21,,,
'1998135496695042064',"🚨 While on Canal St in NYC a masked lady erupts over “ICE kidnapping” illegal migrants engaging in illegal activity on the streets of NYC. 

If you came into this country illegally you broke the law and do not have the “right” to be here if law enforcement finds you. https://t.co/TJZSQZ520s",en,Post,143,3818,572,166,80553,12/8/2025 16:00,,video,https://video.twimg.com/amplify_video/1997959627116597248/vid/avc1/1920x1080/3kJkAYWjXKEJiES3.mp4?tag=21
'1998090448674730055',"🚨 CONFRONTING ILLEGAL MIGRANT SCAMMERS IN NYC (Full Video):

NYC’s Canal St has always been infamous for counterfeit goods... but now, due to mass migration, illegal migrants have taken over entire blocks with their illegal street markets. 

Along with selling counterfeit goods (which is illegal),  vendors are also selling illegal substances. One mother messaged saying, “My 9-year-old son was offered drugs while walking with me.” These illegal migrants make “$700 a day,” all tax-free, while New Yorkers pay city, state, and federal taxes.

When NYPD arrests these individuals, they’re released the next day, and when ICE conducts raids, the streets erupt into protest. Mayor-elect Zohran Mamdani wants to protect these criminals… meanwhile, New Yorkers are walking multiple blocks to avoid the Canal St station because of the sheer number of African men selling and engaging in illegal activity.

How did we get to a point where politicians and citizens are advocating for crime? Restore law and order in our streets.",en,Post,95,1690,371,61,34308,12/8/2025 13:01,,video,https://video.twimg.com/amplify_video/1997929165526638592/vid/avc1/1920x1080/3zLyXxQYBbupLwNE.mp4?tag=21
'1997824918986408284',These are the people Zohran Mamdani wants to protect 🤡 🌎 https://t.co/ZjGJpkmj3g,en,Post,213,5705,1011,85,141478,12/7/2025 19:25,,video,https://video.twimg.com/amplify_video/1997824752589877248/vid/avc1/720x1280/kbYjKalp-SZMwasm.mp4?tag=21
'1997438446798086146',"Reclaim. Restore law and order in our streets, it’s really that simple. https://t.co/EdbvLdBhlN",en,Post,87,2720,354,49,34694,12/6/2025 17:50,,video,https://video.twimg.com/amplify_video/1997438342129139712/vid/avc1/1080x1920/iKk8wVqmLafm0Ncd.mp4?tag=21
'1997439500646293568',"These illegal migrants sell counterfeit goods, drugs, marijuana, don’t pay taxes, locals have to walk blocks to take a different subway station, take away from legal businesses in the area, litter the streets, don’t respect law enforcement, etc… yet people want to defend them.",en,Reply,5,910,85,11,17965,12/6/2025 17:54,,,
'1997439792733368657',Watch the full video here: https://t.co/3O2QRPT4If https://t.co/k1fXEawsPM,en,Reply,3,357,46,9,14663,12/6/2025 17:55,https://youtu.be/9228WP5eUrw?si=zvNVcnKA33nXxx73,photo,https://pbs.twimg.com/media/G7hU50taEAAjwHB.jpg
'1997377568044151235',"@Timcast Horrific, makes me sick. Glad no one was injured… I hope police find the person 🙏🏼",en,Reply,2,717,13,10,11613,12/6/2025 13:48,,,
'1996676936245137435',"🚨 Illegal Migrants on Canal St in NYC swarm me for calling them out for their illegal vending of counterfeit goods, marijuana and drugs openly on the streets on of NYC 

They call me racist, white trash and an “illegal” from Europe. 

We don’t have to live like this. https://t.co/RmbXJ95Qd4",en,Post,1030,22679,4887,556,391688,12/4/2025 15:24,,video,https://video.twimg.com/amplify_video/1996676705407401984/vid/avc1/1080x1920/cJi_rbNfNzLwF_3C.mp4?tag=21
'1996738236673413425',Watch the full YouTube video here: https://t.co/hzNpOuMijT https://t.co/S8eRcuNVZ0,en,Reply,10,263,29,7,19442,12/4/2025 19:27,https://youtu.be/9228WP5eUrw?si=-ouRgrk_oilZEiNo,photo,https://pbs.twimg.com/media/G7XW1-WbQAAPoBw.jpg
'1996738019534270497',These are some of them that got deported,en,Reply,22,522,82,18,30274,12/4/2025 19:26,,,
'1996361373622931831',"In Minnesota, home to the largest Somali migrant population in the US, this ex-Muslim woman fears for her life.

She talked to me about how the Islamic community oppresses women and what happens if women don’t wear hijabs 👀 https://t.co/zuvoY9JiqO",en,Post,443,6136,1625,120,126463,12/3/2025 18:30,,video,https://video.twimg.com/amplify_video/1996361124795891712/vid/avc1/1080x1920/Bj5ga3kRL0zGSGd-.mp4?tag=21
'1996405802136182974',"I went inside of the largest Somali community in the US a few months ago. 

I saw
- Christian churches that had been converted to mosques
- People who had been living in the US for decades but didn’t speak English
- A Somali gang member that chased me out of town",en,Reply,9,574,75,13,16806,12/3/2025 21:26,,,
'1996406018470035745',Watch here 👉🏻 https://t.co/X0Emkh02fK,en,Reply,29,202,47,8,27483,12/3/2025 21:27,https://youtu.be/b4FGEGndCEo?si=BJuBb_AUkm_uaKwH,,
'1996295374462738816',"🚨Asking Minnesotans if Somalis have taken over:

“Hell yeah… get out!”

Father then explains the car crashes, robberies, and how they will out populate Americans. https://t.co/zvxxN2OzCV",en,Post,1710,19595,3330,318,1123230,12/3/2025 14:08,,video,https://video.twimg.com/amplify_video/1996295044543004672/vid/avc1/1080x1920/FRL5K9wUXdo-db8a.mp4?tag=21
'1996404598874239419',Here is the full video watch on YouTube:  https://t.co/KorQLwCta1 https://t.co/yZfEE7cfUv,en,Reply,29,168,33,5,36933,12/3/2025 21:22,https://youtu.be/98hRUchOM4I?si=o5plmxZp1DWs2Tep,photo,https://pbs.twimg.com/media/G7SnZrxaoAA9h_Z.jpg
'1996402266845446329',"“Do you think Islam will overtake Christianity in the United States?”

“Worldwide, not just the United States.”

This Muslim woman in Minnesota talks to me about the rise of Islam, polygamy &amp; more 👀 https://t.co/T4BgNxhPBG",en,Post,234,2550,698,204,46520,12/3/2025 21:12,,video,https://video.twimg.com/amplify_video/1996401998590251008/vid/avc1/1080x1920/ciEvboXQ6jPhz73p.mp4?tag=21
'1996035021636075925',"@tyleraloevera Probably belonged to the same gang that threatened me until I left when I was in Cedar Riverside, not the most friendly place",en,Reply,14,1468,44,32,29826,12/2/2025 20:53,,,
'1996003753216917586',"This is St Cloud, Minnesota…
- Christian churches are being replaced with Mosque
- 2 Mosque within a block
- The student population of the university has also dropped by 50% 

I entered into the Mosque, all the men were from Somalia. Massive fraud has been exposed in Minnesota. https://t.co/EzsJLTnqFD",en,Post,888,20008,5149,439,411683,12/2/2025 18:49,,video,https://video.twimg.com/amplify_video/1996003460458704896/vid/avc1/1920x1080/qyXonrbFm8YXT5cd.mp4?tag=21
'1995963668681424902',"🚨NYC Canal St is back and bigger than ever before. Literal blocks are filled with these counterfeit dealers from Africa

Most these men came in under Biden and after Trumps admin cut funding for the migrant shelters illegals have now resorted to dealing on Canal st

Another effect of mass migration in America",en,Post,244,7574,2519,280,194577,12/2/2025 16:09,,video,https://video.twimg.com/amplify_video/1995957148090503168/vid/avc1/2160x3840/nPo9rF53l6idNUUm.mp4?tag=21
'1995973395906015643',I have quite the history with these guys on Canal as my cameraman and I were attacked by these guys. They later got deported in a raid that took place. I have more coming from canal in the coming days,en,Reply,12,993,173,29,35544,12/2/2025 16:48,,,
'1995213835201126868',"🚨 NYC boomer protesters break into song singing against ICE raids:
“This little light of mine, I’m gonna let it shine”

Seriously can’t make this stuff up 🤣 https://t.co/K5Hw5nc8jq",en,Post,99,4376,569,237,76391,11/30/2025 14:30,,video,https://video.twimg.com/amplify_video/1995213265257791488/vid/avc1/2160x3840/qx1xC1xXz-JBTUnd.mp4?tag=21
'1994840134903369753',"🚨 Black Christian man speaks out against Islam in Dearborn:

“We have to oppose them everywhere they go… White people conquered the land and black people benefited from it” 

Islam is the fastest growing religion in America. https://t.co/UKR89Cp4bF",en,Post,984,14403,2732,464,329029,11/29/2025 13:45,,video,https://video.twimg.com/amplify_video/1994840079240450048/vid/avc1/1920x1080/3UfAbiYRuVhteGYO.mp4?tag=21
'1994911600306696637',"If you want to see more videos from on the ground, give me a follow!",en,Reply,6,510,25,16,25970,11/29/2025 18:29,,,
'1994439493542347131',"This is Minnesota, the Somali capital of the America…
- English is the 2nd language 
- Women are afraid to speak on camera
- Somalian gangs roam the community https://t.co/zDZ6nYs8Px",en,Post,2084,21579,5542,795,2138546,11/28/2025 11:13,,video,https://video.twimg.com/amplify_video/1994439365859360768/vid/avc1/1920x1080/cRhdKInhJHT1qsv2.mp4?tag=21
'1994463682223640696',@BarbLuvs18607 Send me the livestream,en,Reply,1,160,2,5,36980,11/28/2025 12:49,,,
'1994462691692318956',"This is from Minneapolis, the largest population of Somalians live in the twin cities and throughout the Minneapolis area. 52,000 of them were let into the US under Obama as refugee status. I made a full video about the Somali takeover in Minnesota, I will link it down below 👇",en,Reply,28,1516,160,37,106728,11/28/2025 12:45,,,
'1994462825398636906',"Here is the videos, give it a watch https://t.co/wsH2sgFwL1",en,Reply,172,967,228,23,117381,11/28/2025 12:46,https://youtu.be/98hRUchOM4I?si=x2SUzT6rs86cAZa9,,
'1994294694478794987',@TRobinsonNewEra This the moment people realize Islam does not have Americas best interest at heart,en,Reply,31,2895,210,30,17030,11/28/2025 1:38,,,
'1994097015777841285',"North Korean survivor, @YeonmiParkNK, warns Americans about socialism and Zohran Mamdani…

“Young people really don’t know how tyranny comes to them in America. They think tyranny comes with dark suits and guns. Tyranny comes in the name of compassion and equality…paradise” https://t.co/GNafqgHRMn",en,Post,1144,11912,3306,157,135488,11/27/2025 12:32,,video,https://video.twimg.com/amplify_video/1994096653666820097/vid/avc1/1920x1080/JiaHCgNc7NCxPHn1.mp4?tag=21
'1994150906590581183',"She also talked about how Mamdani promised the same things that Kim Il-Sung promised her grandma. 

The promise of paradise and equality where no one suffers is what led to North Koreans giving up the right to own private property, freedom of speech, freedom of movement, etc.",en,Reply,14,330,52,5,16837,11/27/2025 16:06,,,
'1994151087327334734',"WATCH THE FULL INTERVIEW HERE ⬇️
https://t.co/jCRdDUs1Oc",en,Reply,35,187,50,4,22706,11/27/2025 16:07,https://youtu.be/r5ipSu_T3ak?si=T0lSO_ibeQaaILFd,,
'1993799344676589857',"Just a few days ago thousands gathered in DC to protest, one man’s sign said:
“IS HE DEAD YET?”  
Others complimented him and cheered him on while he held his sign proudly. 

You might think it’s just a fun and silly sign until people start actually dying.

Now 2 National Guard soldiers are dead in the streets of DC. This promotion and glorification of violence must stop.",en,Post,388,9091,1704,188,331178,11/26/2025 16:49,,video,https://video.twimg.com/amplify_video/1993799280411463683/vid/avc1/1920x1080/N1_H0RWJJodMaY-n.mp4?tag=21
'1993199704734380336',"WATCH THIS: I went to the ‘Resist The Regime’ rally in DC over the weekend to understand why protesters were calling for @realDonaldTrump to be IMPEACHED 👀

Nearly 1,000 people were in attendance. https://t.co/VeqkOY8v4n",en,Post,33,1338,192,88,23850,11/25/2025 1:06,,video,https://video.twimg.com/amplify_video/1993199605337800708/vid/avc1/1920x1080/9RogGolPFrqARfM3.mp4?tag=21
'1993382213141094616',@sostalksmoney @realDonaldTrump It’s a lady unfortunately 🤣,en,Reply,0,10,0,1,270,11/25/2025 13:12,,,
'1993364590684667977',"MOBBED: A group of protesters followed me for nearly an HOUR at the ‘Resist The Regime’ rally in DC

They blared Disney music to disrupt my livestream, called me an “agitator”, told me they were trying to “stop me from dividing the nation” but couldn’t articulate further 🤔 https://t.co/wP0V9GQMs1",en,Post,124,6540,863,128,75921,11/25/2025 12:02,,video,https://video.twimg.com/amplify_video/1993364210894708736/vid/avc1/1920x1080/bOEElHBFOxWZ9YHM.mp4?tag=21
'1993367076636180584',"I heard about fascism all day from these protesters, yet they were the ones trying to control who could film in public. Irony is undefeated 😂",en,Reply,4,828,47,15,14155,11/25/2025 12:12,,,
'1993367376474300778',Watch the best moments here &amp; sub to the second channel👀 https://t.co/doO284HTSk,en,Reply,4,293,27,11,20620,11/25/2025 12:13,https://youtu.be/gSSdiaxmh7k?si=bzTdE38gR5v5CtBt,,
'1993200424758001941',Many of the protestors I tried to speak to were very hostile and didn’t seem to be able to articulate their thoughts very well. Some were willing to have a conversation with me.,en,Reply,1,293,11,12,10841,11/25/2025 1:09,,,
'1993201763072266372',Watch the full video here &amp; subscribe to my second channel! https://t.co/Wqh0tuQH8c,en,Reply,5,159,17,5,17054,11/25/2025 1:15,https://youtu.be/gSSdiaxmh7k?si=pmYa5hbi5TkNzZkV,,
'1993114887741227376',"I read a comment the other day that said: My favorite trend from 2025 so far is YouTubers being the ones to help restore law and order in cities from foreign scammers 

These scammers and pickpockets ruin the experience for everyone, plain and simple. https://t.co/VgnJ1u3ytu",en,Post,30,2441,194,32,50485,11/24/2025 19:29,,photo,https://pbs.twimg.com/media/G6j3bT7aYAAlK6k.jpg
'1992811471412367775',@JackMacCFB Rizzler is a national treasure,en,Reply,0,47,0,0,4869,11/23/2025 23:24,,,
'1992699396274958577',"🚨This British women from Wales left the UK because of the threats she felt from Islam inside of her town as “no go zones” were created and now is speaking out against the rise of Islam in the US. 

Islam is the fastest growing religion in America. https://t.co/9DQjykTRuJ",en,Post,268,5835,1099,121,127273,11/23/2025 15:58,,video,https://video.twimg.com/amplify_video/1992699293829107712/vid/avc1/1080x1080/H6d5y7e3hmoN0bh4.mp4?tag=21
'1992321264862818402',"🚨 Leftist protester arrested in DC

In a random series of events a Screamo Leftist Protester yells at a J6er and then another leftist protester steps in and grabs the J6er and is arrested 

Can’t make this stuff up 🤣 https://t.co/Gmf5Ph5VBp",en,Post,62,1754,312,76,35471,11/22/2025 14:56,,video,https://video.twimg.com/amplify_video/1992321131458568193/vid/avc1/1080x1920/s3vjpBmrRX3PI8UW.mp4?tag=21
'1992323568689180824',@turn_page39237 THANK YOU 🙌🏼,en,Reply,0,3,0,3,432,11/22/2025 15:05,,,
'1992323525961781409',@RichieMcGinniss So bizarre 🤣,eu,Reply,0,10,0,1,564,11/22/2025 15:05,,,
'1992321709421334968',*Actually have been informed her name is Patricia,en,Reply,2,161,7,18,9827,11/22/2025 14:58,,,
'1992321881685528800',Full live stream from the protest in DC today https://t.co/FG14xce2Ha,en,Reply,7,100,12,7,15256,11/22/2025 14:58,https://www.youtube.com/live/rtuMHwviLe0?si=mwp65e0tHGSjVmvZ,,
'1991909735306776600',"🚨 I asked American-Muslim men in Dearborn who they would support if America went to war against an Islamic nation, their response:
“We would support our brothers in Iraq… we would not defend America”

A Christian American steps in and says, “anybody who supports another nation needs to live in that nation”

Is the enemy already inside?",en,Post,2780,39213,10507,1408,1339950,11/21/2025 11:41,,video,https://video.twimg.com/amplify_video/1991909439868174337/vid/avc1/1920x1080/F8lNvCm0tkY07bXi.mp4?tag=21
'1991886001007132861',"This is the main thing that concerns me about Islam, they basically already have an army of men ready to fight for any country that is NOT the US, this will lead to an ugly future IF God forbid we ever get into another war in the Middle East.",en,Reply,3,307,41,27,9880,11/21/2025 10:06,,,
'1991658968645791757',"After a Christian protester attempted to burn the Quran a group of Muslim men went and searched for him saying “I had my gun I was gonna blast sh*t if I didn’t see the cops... face to face I’ll kill him”. 

A Dearborn local then called for his arrest, the police let the man leave https://t.co/1MkH9C1L8V",en,Post,844,9406,2659,891,690231,11/20/2025 19:04,,video,https://video.twimg.com/amplify_video/1991658864249565186/vid/avc1/1080x1920/ZFU0yDeih1FBWrZ5.mp4?tag=21
'1991675765604434128',"I have more videos coming from Dearborn, follow me to not miss",en,Reply,4,721,41,34,30626,11/20/2025 20:11,,,
'1991675904209391859',"Also subscribe my YouTube, so close to hitting 1 million subscribers https://t.co/OeAHXkJjWe",en,Reply,26,340,58,16,51501,11/20/2025 20:11,https://youtu.be/tgY48wPefqg?si=X8RVYP0dKbAtoaFE,,
'1991641629485330702',"🚨 DEARBORN MICHIGAN ANTI-ISLAM PROTEST (full video):
The streets in Dearborn erupted as a group of Christians planned a march on the Islamic town. All hell broke loose after attacks from both sides happened as Islam protesters pepper sprayed @camhigby and then @JakeLangJ6 attempted to burn the Quran and slap the Quran with bacon.

After that a group of Muslim men searched to kill @JakeLangJ6 saying ""I had my gun I was gonna blast shit if I didn’t see the cops... face to face I'll kill him"" from there fights and shouting matches continued throughout the night.

This is the FULL video from start to finish to see what ACTUALLY happened in Dearborn, be prepared for more clashes between Muslims and Christians as Islam rises in the US at new levels.",en,Post,293,2965,787,338,105827,11/20/2025 17:55,,video,https://video.twimg.com/amplify_video/1991636441852768256/vid/avc1/1920x1080/MLCWUNopioaXy-NK.mp4?tag=21
'1991261846586679472',"@alexbruesewitz @NICKIMINAJ Being a gentleman is offensive nowadays, didn’t you know???  🤣🤣",en,Reply,4,503,17,9,8863,11/19/2025 16:46,,,
'1991222768029913566',"🚨 The truth about what happened in Dearborn Michigan last night:

Christian and Muslims clashed as a governor candidate planned a march in Dearborn as he was once against Sharia Law, he then visited the town and changed his position on what’s happening in Dearborn. Some of his base and members of his campaign turned on him causing tension at the event. 

Muslims and pro-Palestine protesters pepper sprayed @camhigby and then Jake Lang @JakeLangJ6 attempted to burn the Quran and slapped it with bacon in return of them attacking Cam. After that all hell broke lose.

Be prepared for more clashes between Muslims and Christians in America as what’s happened in Europe with the ride of Islam is now coming for America. 

What do you think about the Islamification of American towns like Dearborn?",en,Post,695,9211,2343,772,358146,11/19/2025 14:11,,video,https://video.twimg.com/amplify_video/1991222195117314048/vid/avc1/1080x1920/5Gcb5BeL7JLO00LA.mp4?tag=21
'1991223883567890900',"I am not affiliated with any of the groups that appeared, I appeared on my own to cover and make a video documenting the event. Full video will be out soon, follow me here to not miss it!",en,Reply,10,1003,62,72,28545,11/19/2025 14:15,,,
'1990968611713003908',"@TRobinsonNewEra You did your best, empathy is killing the west",en,Reply,20,3636,193,50,25496,11/18/2025 21:21,,,
'1990940935220580448',@nicksortor MADNESS,en,Reply,7,1415,28,36,93273,11/18/2025 19:31,,,
'1990918047063027890',"🚨 DEARBORN MICHIGAN 
J-6er @JakeLangJ6 surrounded by Muslims telling them they are “chimping out” Muslims surround and chant “ALLAHU AKBAR”

Absolute chaos in Dearborn as Muslims and Christians clash outside the City Hall. https://t.co/3vQEBdEga8",en,Post,697,9168,2254,760,392446,11/18/2025 18:00,,video,https://video.twimg.com/amplify_video/1990917565452038144/vid/avc1/3840x2160/lrdLA7QeCefxvHyo.mp4?tag=21
'1990925491109572986',Make sure to follow me as I will have a full video from today posted in the coming days!,en,Reply,23,1548,121,64,38559,11/18/2025 18:30,,,
'1990895207299129745',"🚨 HAPPENING NOW:
Christian and Islamic protesters are clashing in Dearborn, Michigan.
Qurans have been hit with bacon and burning attempts of the Quran have happened. 

This could get ugly… https://t.co/QcYOmmtYeH",en,Post,1115,19740,4478,1030,382290,11/18/2025 16:29,,video,https://video.twimg.com/amplify_video/1990894797373210624/vid/avc1/1080x1920/4_f6-j4yEDcNRU8x.mp4?tag=21
'1990742186376187989',"🚨 Paris Scammers Attack:
At the Eiffel Tower in Paris foreign scammers openly SCAM tourist as they gather “donations for the deaf” they beg for donations and then pickpocket you while you’re distracted. 

I confronted these scammers and they ERUPTED in anger as they spit, strip, scream and hit. All major tourist spots in the West are being ruined by illegal scammers and it’s time for people to stand up and reclaim their cities.",en,Post,422,9132,1862,194,155716,11/18/2025 6:21,,video,https://video.twimg.com/amplify_video/1990740598681161728/vid/avc1/3840x2160/k-P64P61zaOmpXGK.mp4?tag=21
'1990786417233199265',Paris could fix this problem tomorrow if they wanted to,en,Reply,4,597,22,18,19859,11/18/2025 9:17,,,
'1990786595990220837',CLICK TO WATCH FULL VIDEO BEFORE ITS POSTED ON X https://t.co/arHn2QoYi7,en,Reply,19,270,43,7,33106,11/18/2025 9:18,https://youtu.be/uD9PxqFq9KU?si=NTbnvusfHawDRHI0,,
'1990461004212240399',RT @undefined: Congratulations to @nickshirleyy for winning Citizen Journalist of the Year! https://t.co/kwD6uSBjQ1,en,Repost,15,1473,173,46,66412,11/17/2025 11:44,,photo,https://pbs.twimg.com/media/G5-IlTmXcAAOvxG.jpg
'1990256686553272772',"@NickJFuentes Trump gets it, let the people speak to whoever tf they want to",en,Reply,21,1233,26,22,20864,11/16/2025 22:12,,,
'1989862353454993722',@RylanMAGA Thanks Rylan!,en,Reply,0,36,3,1,1146,11/15/2025 20:05,,,
'1989862264179241347',@Tommy4Trump420 @RylanMAGA Thanks Tommy and yes indeed Rylan!,en,Reply,1,60,1,1,1125,11/15/2025 20:05,,,
'1989750470328336669',@alx THANK YOU 🙌🏼,en,Reply,0,129,2,3,2502,11/15/2025 12:40,,,
'1989750265529135162',"@JdDelay5150 Thanks JD, you the man!",en,Reply,0,95,1,3,1750,11/15/2025 12:40,,,
'1989487199952281791',"🚨 During the Government shutdown I went to Anacostia (neighborhood outside DC) to ask people about the effects of losing SNAP benefits due to the shutdown, within 5 minutes I got kicked off the block and told to leave by the police 💀

Why do journalists get told to leave but the drug dealers get to stay?",en,Post,199,4479,1084,215,108993,11/14/2025 19:14,,video,https://video.twimg.com/amplify_video/1989487073355530240/vid/avc1/720x1280/ktAXaynNu_mOCCT8.mp4?tag=21
'1989401843085218245',"Thank you 🙏🏼 An honor to win the citizen journalist of the year award last night. All of you make it possible so thank you once again, God bless 🇺🇸 https://t.co/e3cA2o8dO5",en,Post,57,3050,301,227,109783,11/14/2025 13:35,,photo,"https://pbs.twimg.com/media/G5vGXP_WcAAY0pN.jpg,https://pbs.twimg.com/media/G5vGXQFX0AA2ivr.jpg,https://pbs.twimg.com/media/G5vGXQBXYAAs_Tx.jpg,https://pbs.twimg.com/amplify_video_thumb/1989401763179372544/img/Q1kkq5utU1AAJi2o.jpg"
'1989406080858759468',"Was an amazing evening and a great event put on by @JamesOKeefeIII and his team. Also big shoutout to everyone @Savsays @NateFriedman97 @MrAndyNgo @camhigby @realmuckraker for their amazing work out in the field and big S/O to the great whistleblowers who risked their lives and jobs to speak out for truth and transparency for a better USA, overall amazing evening and great people all around.",en,Reply,18,1217,99,49,27553,11/14/2025 13:52,,photo,"https://pbs.twimg.com/media/G5vKR6VWMAAirrC.jpg,https://pbs.twimg.com/media/G5vKR6bW4AA67QL.jpg,https://pbs.twimg.com/media/G5vKR6VWoAAa01o.jpg,https://pbs.twimg.com/media/G5vKR6TXgAACpZR.jpg"
'1989224567920058692',@RCMaxw3ll @JamesOKeefeIII THANK YOU,en,Reply,9,3029,49,123,25011,11/14/2025 1:51,,,
'1989186597506707737',"@MrAndyNgo @Savsays Thank you Andy, it’s really amazing to receive support from you and everyone else nominated, appreciate you all and the work you do! 

Post coming in the AM",en,Reply,5,2580,102,76,17465,11/13/2025 23:20,,,
'1989086302176965091',@Polymarket LFGGGG,und,Reply,0,12,0,0,1958,11/13/2025 16:41,,,
'1987701180638929387',"@tyleraloevera @nikitabier How are the censoring this on X, they literally show people dying with no restrictions?? @nikitabier I’m sure they will resolve this 🙏🏼",en,Reply,3,279,9,7,6316,11/9/2025 20:57,,,
'1987685799521931331',@geoliberal @AprilSpark1890 Who is it?,en,Reply,0,5,0,3,635,11/9/2025 19:56,,,
'1987271003160879353',@JamesOKeefeIII Going to be a great night 🙌🏼,en,Reply,0,217,10,11,5885,11/8/2025 16:28,,,
'1987214379830682055',"Must watch🤣
Outside the US Capitol protesters refused to believe illegals receive benefits from taxpayers dollars until I showed them this video…

“Undocumented people do not receive assistance”

*shows video of illegals admitting to receiving benefits

“They get benefits”🤦🏼‍♂️💀 https://t.co/JsbYfTN5Uf",en,Post,1271,20271,4708,594,361505,11/8/2025 12:43,,video,https://video.twimg.com/amplify_video/1987214211496202240/vid/avc1/1080x1920/hAcPj3eRfkAToFDV.mp4?tag=21
'1987219375393304617',I’m not the smartest historian nor the greatest debater but what I see and hear with my own eyes I cannot deny,en,Reply,8,821,22,22,21443,11/8/2025 13:03,,,
'1987219484701057495',Watch the full video here: https://t.co/8PsYXsUyYF,en,Reply,17,306,48,10,35502,11/8/2025 13:03,https://youtu.be/C2yeHHfSECs?si=apDFhpnzziuPi-Z8,,
'1986581948530151718',"🚨 Democrat Senator refuses to acknowledge the term “illegal migrant” instead calling them “undocumented immigrants” when confronted about the government shutdown 

THE SHUTDOWN CONTINUES https://t.co/IAf5TbnGrv",en,Post,62,2404,382,148,43322,11/6/2025 18:50,,video,https://video.twimg.com/amplify_video/1986581245581475840/vid/avc1/3840x2160/jgTVMoSK-Kmises_.mp4?tag=21
'1986599559993151664',"Full video from DC coming soon, follow me to not miss it!",en,Reply,0,210,6,5,13849,11/6/2025 20:00,,,
'1986232586331394445',"🚨 NYC Young Men speak on what will happen if NYPD is defunded and replaced with social workers in certain situations:

“That’s stupid they gon’ shoot them in the face… now more people are gonna end up dying” https://t.co/9PgqpqhG6L",en,Post,876,13283,1729,141,489414,11/5/2025 19:42,,video,https://video.twimg.com/amplify_video/1986232437001584640/vid/avc1/1080x1920/GHVnExu1sPUAEm46.mp4?tag=21
'1986232589158654118',"Zohran Mamdani made at least 10 public statements back in 2020 calling to defund the police but now has flip flopped, saying “I am not running to defund the police.” 

Meanwhile, the Democratic Socialists of America (DSA)—which endorsed him—still officially supports defunding the police as part of its national platform to cut police budgets annually toward zero and reallocate funds to social services. 

If Mamdani flip flops back to defunding the police how unsafe will NYC become?",en,Reply,14,373,34,16,20597,11/5/2025 19:42,,,
'1986164934330466555',"🚨 WATCH: I asked a transgender protester in an “Eat The Rich” costume what she thinks of George Soros.

“My favorite rich person to eat would probably be Elon Musk.”

I followed up: “What happens to all the jobs if all the billionaires disappear?”

“I think we’d have better wages.”",en,Post,1005,9742,1259,983,2533487,11/5/2025 15:13,,video,https://video.twimg.com/amplify_video/1986164771092389888/vid/avc1/1280x718/p2YjkjE05s_3UPB9.mp4?tag=21
'1986184485407236340',Who eats if no one has an employer?,en,Reply,4,816,12,58,109663,11/5/2025 16:30,,,
'1986184580714356984',Watch full video here: https://t.co/Pl9Yjc4xwW,en,Reply,13,150,14,6,180036,11/5/2025 16:31,https://www.youtube.com/live/QZyDCsxBtts?si=uDIKFjpcoZMg7t2n,,
'1986170356399575444',"🚨WATCH: I talked with a man dressed as Satan and his friend (who insisted Satan isn’t real). 

Tough day for brand consistency at the Refuse Fascism Rally. https://t.co/yQgSiSCHkd",en,Post,27,669,107,34,19625,11/5/2025 15:34,,video,https://video.twimg.com/amplify_video/1986170121011003392/vid/avc1/1280x714/okozRVYJ4zz_L5sw.mp4?tag=21
'1986171119565480080',“Satan just needs silence” speaks volumes,en,Reply,3,136,7,2,10739,11/5/2025 15:37,,,
'1986142729752223989',"🚨BREAKING: Portland ANTIFA members SPOTTED at Anti-Trump rally in D.C.

ANTIFA Chicken and ‘Pamtifa’ are here 🐥

Who paid for their travel? https://t.co/rXrfqGPqHg",en,Post,251,11391,2574,262,159444,11/5/2025 13:45,,video,https://video.twimg.com/amplify_video/1986142643387252736/vid/avc1/1010x564/czjNdBCbsJrw65ef.mp4?tag=21
'1986161543436984417',Antifa chicken really made it to DC 🤦🏼‍♂️😂,en,Reply,1,209,8,10,12151,11/5/2025 14:59,,,
'1986161545215426983',Watch here: https://t.co/1KdTDUlnTR,en,Reply,3,80,6,2,16068,11/5/2025 14:59,https://www.youtube.com/live/QZyDCsxBtts?si=lwbIZjyDDZj2NaGO,,
'1986155961388835185',"🚨SURROUNDED: Protestors surrounded and talked about citizen’s arresting me after I asked why they’re comparing ICE to gestapo 

“If I citizen’s arrest you right now, are you gonna resist?”

El Salvadorian protestor wearing their flag: “This [land] was mine before it was your’s. You colonized us.”",en,Post,225,4340,825,311,158585,11/5/2025 14:37,,video,https://video.twimg.com/amplify_video/1986155734254690308/vid/avc1/1010x558/VIodQLjnLWwhcq-H.mp4?tag=21
'1986146728249266528',"🚨BREAKING: HUNDREDS of protesters at the Refuse Fascism Rally are marching down Constitution Ave NOW in D.C.  

Take a look‼️👇🏻 https://t.co/YRxihcSWZR",en,Post,51,1664,318,285,62254,11/5/2025 14:00,,video,https://video.twimg.com/amplify_video/1986146595013074946/vid/avc1/1280x714/5x4As5x1uFVdCE72.mp4?tag=21
'1986137649367884048',"🚨ANTI-TRUMP RALLY: Texas democrat in D.C. told me Americans who are ‘pro-deportations’ should try waking up at 4 AM and working hard jobs for $7.95/hr 🤔

“The US was formed with immigrants. They didn’t come with a visa or documentation.” https://t.co/3RrfTNTPIw",en,Post,36,674,88,185,68900,11/5/2025 13:24,,video,https://video.twimg.com/amplify_video/1986136267692871680/vid/avc1/1280x708/-ZMfX0F4URlqO-3s.mp4?tag=21
'1986140391431938550',"The federal minimum wage is $7.25/hr.

From farmers and oil rig crews to truckers and factory workers, Americans are still out there grinding before sunrise.

That’s what keeps this country moving. 🇺🇸",en,Reply,3,228,8,11,9966,11/5/2025 13:35,,,
'1986140603927929031',🔴WATCH LIVE 👉🏻 https://t.co/o8p6iXPTAg,en,Reply,1,58,9,5,14975,11/5/2025 13:36,https://www.youtube.com/live/QZyDCsxBtts?si=Wof48bumO74rajZd,,
'1986124283408740854',"🚨SHOCKING: Anti-Trump protest organizer nearly TACKLES a protestor for speaking to me ‼️

I was having a peaceful conversation with this man about how they plan to oppose Trump and the government shut down. Out of nowhere, a protest organizer comes running and almost KNOCKS OVER this man just for speaking to me.

That was weird!",en,Post,485,9081,1858,329,202055,11/5/2025 12:31,,video,https://video.twimg.com/amplify_video/1986123706578706445/vid/avc1/1012x568/GYGMYgSP1iJSUNlu.mp4?tag=21
'1986119873341366515',"🚨BREAKING: I tried to register for ANTIFA at an Anti-Trump Rally in D.C.

Their “ANTIFA Registration” booth is signing up new members today! https://t.co/OVi1qkKY6p",en,Post,196,3838,882,154,77287,11/5/2025 12:14,,video,https://video.twimg.com/amplify_video/1986119757628907524/vid/avc1/1270x720/F_ez8C4xB2EAoFhG.mp4?tag=21
'1986120797900185966',"The left continues to claim that ANTIFA isn’t a real organization, just a loose movement without structure. Yet their coordinated actions and consistent presence at protests tell a different story.",en,Reply,9,592,52,17,15411,11/5/2025 12:17,,,
'1986121121402659191',"🔴 Join us at the Anti-Trump D.C Protest LIVE on YouTube 👇🏻
https://t.co/D6ehZHYwgV",en,Reply,5,133,12,3,19521,11/5/2025 12:19,https://www.youtube.com/live/QZyDCsxBtts?si=Eyd9fNGN7duY2GwY,,
'1985847758440272337',"@TRobinsonNewEra @elonmusk LETS GO, congrats Tommy!!",en,Reply,1,153,7,1,3304,11/4/2025 18:12,,,
'1985792465169752471',"NYC election is happening today and it will come down to Cuomo and Mamdani. 

Zohran Mamdani has proposed that he will tax anyone who makes over 1 million an extra 2%

Will the rich leave NYC? https://t.co/u6RkekDRIj",en,Post,397,4157,728,165,139439,11/4/2025 14:33,,video,https://video.twimg.com/amplify_video/1985792340670234624/vid/avc1/1080x1920/j5HQgVOygZzk1GAw.mp4?tag=21
'1985828700147847513',The man being interviewed is Sweeenie follow him on instagram https://t.co/aVhNkiCoOj,en,Reply,4,99,5,7,11935,11/4/2025 16:57,https://www.instagram.com/sweeenie?igsh=MWhraWM4dXR5ZzN5bw==,,
'1985699323099713668',RT @undefined: 🤔,art,Repost,4694,118912,16581,10586,17513739,11/4/2025 8:23,,,
'1985716773136523424',"🚨 Asking NYC Who They're Voting for Mayor (full video):
NYC has its most important mayoral election in history as New Yorkers vote between a democratic-socialist (communist), a Democrat, and a Republican. 

Zohran Mamdani is leading the projected polls and prediction markets, while Trump and others like Elon are now endorsing Cuomo in an attempt to stop NYC from falling into the hands of a communist.

The youth and woke liberals are voting for Mamdani because of his ideas of freezing rent, free buses, government-run grocery stores... they even admit that his ideas ""may not work"" but are excited to ""tax the rich.""

Cuomo might stand a chance with the recent surge in endorsements and warnings from prominent figures, but it will be close.",en,Post,267,1427,272,111,56225,11/4/2025 9:32,,video,https://video.twimg.com/amplify_video/1985710463208812544/vid/avc1/1920x1080/GNZske50Wyq4k39v.mp4?tag=21
'1985709227747246128',@elonmusk Everyone’s in for a rude awakening if Zohran gets elected,en,Reply,5,857,34,54,11549,11/4/2025 9:02,,,
'1985405069257297987',"Asking Zohran Mamdani voters their favorite socialist country:

“Between Venezuela, Cuba, Soviet Union - what’s your favorite one?”

“I’mma have to go with Cuba” https://t.co/WwUXCOldy1",en,Post,1819,17972,3640,3095,18397002,11/3/2025 12:53,,video,https://video.twimg.com/amplify_video/1985404879494426626/vid/avc1/1080x1920/uziOu2Y-bDVM2i4i.mp4?tag=21
'1985405072562331821',@grok what are the current living conditions like in Cuba?,en,Reply,25,1951,85,126,170437,11/3/2025 12:53,,,
'1985708473615561178',@grok To watch the full video about who people are voting for in NYC click here you’ll be shocked by the responses https://t.co/pj0j2CXi5z,en,Reply,145,928,172,53,236232,11/4/2025 8:59,https://youtu.be/Jl2ypTC8JD4?si=4ZiBuE3NCmECBbY-,,
'1985119285791142366',"🚨 NYC Mayoral Election is closely approaching and many New Yorkers are taking this approach:
“You vote for who you don’t want to be mayor” 

This is the most important mayoral election NYC has ever had. https://t.co/q6ZQTv6RJL",en,Post,175,3031,576,72,57978,11/2/2025 17:58,,video,https://video.twimg.com/amplify_video/1985119029275824128/vid/avc1/1920x1080/l4Cqmpu2V1mJLjEZ.mp4?tag=21
'1985119287875674207',"This man warns of some of the potential outcomes if Zohran Mamdani does win… Mamdani is currently leading all polls and prediction markets, who would you vote for?",en,Reply,3,234,22,17,15951,11/2/2025 17:58,,,
'1985122258919231597',To hear what more New Yorkers have to say about the election and who they are voting for click here https://t.co/uZyfFkMce5,en,Reply,3,155,25,3,23527,11/2/2025 18:10,https://youtu.be/Jl2ypTC8JD4?si=2FzGCk5NZS7v-wZW,,
'1985119290060915193',"@NelisonDarin Legend, enjoy your Sunday Travis!",en,Reply,1,50,2,1,2167,11/2/2025 17:58,,,
'1984680238673248576',@Kbowski_Press Beast 🔥,en,Reply,1,138,3,2,3257,11/1/2025 13:53,,,
'1984359149938119002',"🚨 Young NYC voter wants Zohran Mamdani to become mayor for the free handouts…

Zohran Mamdani has promised to freeze the rent, give free buses, make government ran grocery stores, free childcare and more. 

NYC could become a socialist/communist society soon if this happens. https://t.co/e8Lm9MYuZP",en,Post,630,7431,1697,1494,465411,10/31/2025 16:37,,video,https://video.twimg.com/amplify_video/1984358983872991232/vid/avc1/1080x1920/c-QGKyHwf6Uz07Av.mp4?tag=21
'1984359845378863227',"Zohran seems to be winning the vote with the youth in the city. I interviewed people from Wallstreet to the Bronx. And the majority of youth seem to want Zohran, especially around NYU, watch this video below for the full interviews⬇️",en,Reply,4,203,22,33,20902,10/31/2025 16:40,,,
'1984360001276952665',WATCH HERE. Chat are we cooked? https://t.co/bpWCWXj9pE,en,Reply,6,136,21,17,36052,10/31/2025 16:41,https://youtu.be/Jl2ypTC8JD4?si=zFrR5ZxK7oAYxcd0,,
'1983874198746308617',"I just watched a homeless man shove and assault 2 women with a pocketknife in his hands in NYC. 

The women laughed it off and I yelled at the man and ran to grab the police. 

The women looked at me like I was the crazy man. Liberal white womens logic and empathy will get them killed eventually.",en,Post,1027,17629,1794,428,1308789,10/30/2025 8:30,,video,https://video.twimg.com/amplify_video/1983874058694336512/vid/avc1/1920x1080/BxV6JN6NhnHyLV5F.mp4?tag=21
'1983914536366211295',@GregJewishstein He assimilated way,en,Reply,1,124,0,2,25109,10/30/2025 11:10,,,
'1983914380170281024',@porklid Nah give them the pick pocketer treatment and at least keep eyes on suspect until you find the police,en,Reply,0,8,0,1,643,10/30/2025 11:10,,,
'1983906788337414189',I did find NYPD a few blocks after following the man and they did go investigate the man. Young men and men in general if you see this kind of stuff happen on the streets it’s your responsibility to stand up for the women and find the police ASAP,en,Reply,6,1087,37,45,58131,10/30/2025 10:40,,,
'1983906909725044973',Just posted a video on the NYC mayoral election give it a watch! https://t.co/nsWOc4aqE5,en,Reply,7,223,29,13,88156,10/30/2025 10:40,https://youtu.be/Jl2ypTC8JD4?si=zrjBwbDqZPGVNlHV,,
'1983660447770542574',@tyleraloevera Bro is about to make a country realize poop is gross with this upload,en,Reply,7,608,20,15,16676,10/29/2025 18:21,,,
'1983300856973013466',"🚨 ANTIFA GETS DISMANTLED IN PORTLAND (Full video):
Over the weekend ANTIFA was dismantled as they lost their 140 day occupation on the ICE detention facility center... ANTIFA had controlled a section of Portland, blocking the road and sidewalks, intimidating neighbors, attacking federal agents and causing chaos every night with their megaphones and shouting while they had a base camp where they ate and slept next to the ICE building.

Portland Police finally acted and enforced the laws removing the ANTIFA encampment. ANTIFA was outnumbered by patriots in support of ICE as they were defeated over the weekend. Portland PD had months to act but only now decided to enforce the law. Whether or not law and order will remain in Portland time will only tell... ANTIFAs reaction is yet to come and mild groups have reappeared to protest outside the building since the dismantlement.
God Bless the USA!",en,Post,105,1396,274,83,53801,10/28/2025 18:32,,video,https://video.twimg.com/amplify_video/1983284824841269248/vid/avc1/1920x1080/9bTUsO9yvk9yCF0O.mp4?tag=21
'1983324412511433062',@SouthrnBelleKat @hunnybadgermom @NelisonDarin @KatieDaviscourt @Tommy4Trump420 @nicksortor @bennyjohnson Can someone confirm?,en,Reply,0,14,2,7,776,10/28/2025 20:06,,,
'1983300860399489407',Major props to the people in Portland and those that traveled to apply the pressure to make change in Portland over the past few weeks and some even months! S/O to a few @hunnybadgermom @NelisonDarin  @KatieDaviscourt  the legendary wild man Tommy  @Tommy4Trump420 @nicksortor @RightSideR3bel @haileyywest @mentallyidaho  @choeshow @BrandiKruse @camhigby @ImFiredUp2  and others you know who you are!,en,Reply,6,617,60,29,21548,10/28/2025 18:32,,,
'1983301181691613575',@hunnybadgermom @NelisonDarin @KatieDaviscourt @Tommy4Trump420 @nicksortor If you prefer to watch on youtube here is the link to watch 👀  https://t.co/gQCwo36A3Y,en,Reply,10,238,28,10,25470,10/28/2025 18:33,https://youtu.be/CPCvLvSUyLA,,
'1983268914076496233',"🚨 Man living next to ICE building in Portland has been ""bombed"" by ANTIFA because he voted for Trump. Pure political attacks on civilians in the area if they don't fall to ANTIFAs orders.

""they call me Nazi... My grandfather died in a concentration camp, its really offensive"" https://t.co/sosbKtZK4W",en,Post,1240,37639,6766,418,823858,10/28/2025 16:25,,video,https://video.twimg.com/amplify_video/1983267372774436864/vid/avc1/1920x1080/-9LSB-xagsfqy1ix.mp4?tag=21
'1983273411863535976',"ANTIFA has been dismantled after Police took down their camp, no one knows how long that will last, however the national guard may still be deployed 👀 if you appreciate my work drop a follow!",en,Reply,7,673,41,11,19898,10/28/2025 16:43,,,
'1983273655305220113',Here is the full video of ANTIFA being dismantled as Police and Patriots outnumbered them https://t.co/gQCwo377Tw,en,Reply,11,267,37,10,27939,10/28/2025 16:44,https://youtu.be/CPCvLvSUyLA,,
'1983182791950118925',@GlennPudick @YouTube Let’s gooo,en,Reply,0,3,0,0,79,10/28/2025 10:43,,,
'1983094325861839078',@camhigby @FoxNews @BrandiKruse 360 camera was epic!,en,Reply,1,124,4,0,2554,10/28/2025 4:51,,,
'1982966450521600053',"Nobody wants to be “big brothered” when they can clean up the mess themselves. 

Portland PD failed, Trump threatened, and now Portland PD decided to clean up the mess. 

Maybe National Guard should still make a visit to ensure it wasn’t all just a BIG bluff from Portland PD?",en,Post,51,2161,446,115,64610,10/27/2025 20:23,,,
'1982958664253354083',@choeshow @BrandiKruse @nicksortor The choeshow don’t play!!,en,Reply,0,42,1,3,535,10/27/2025 19:52,,,
'1982910368302411902',@ImMeme0 A white lady hating on another white person for being white… make it make sense. Welcome to 2025 were deranged thinking has become very popular!,en,Reply,10,1124,66,26,11319,10/27/2025 16:40,,,
'1982705891360362783',@Tommy4Trump420 Tommy you just might be my new favorite person on this app 😂 love you bro,en,Reply,1,286,6,10,5508,10/27/2025 3:08,,,
'1982408927355851259',"🚨ANTIFA HAS BEEN DISMANTLED IN PORTLAND 
After 140 days of controlling and camping on this street in Portland, ANTIFA has officially been cleared out as the police FINALLY stepped in and cleared the encampment. 

Inside the encampment they had loads full of medicine, medical gear, party supplies, a fridge, bbq, etc… ANTIFAs 140 days of control has officially come to an end.",en,Post,1424,44631,9434,2162,1064699,10/26/2025 7:28,,video,https://video.twimg.com/amplify_video/1982408005644595200/vid/avc1/1080x1920/YYn1YUfJHwfbvdPz.mp4?tag=21
'1982410260653674574',"I have to believe this video put pressure on Portland police to take back their streets, never fold to ANTIFAs lawlessness and power grabs",en,Reply,64,3285,439,106,119002,10/26/2025 7:33,,,
'1982594443187560749',"UPDATE: 
“This is not your camp anymore” Portland Police officer tells ANTIFA campers",en,Reply,37,1294,200,51,42878,10/26/2025 19:45,,,
'1982580928741625970',"@Ac7ionMann great energy, could tell your a genuine guy. Wish you the best bro!",en,Reply,1,484,14,9,9078,10/26/2025 18:51,,,
'1982569426181628388',"Must watch 🤣🤣 
ANTIFA got their camp dismantled from the police last night, now we will see how they react and what they plan…

Here is a few ANTIFA bad mouthing the police and watch their reaction the moment police step up. 

Even Portland PD has had enough. https://t.co/xlE3FOZHOD",en,Post,267,7100,1081,235,151113,10/26/2025 18:06,,video,https://video.twimg.com/amplify_video/1982569370598408192/vid/avc1/576x1024/yo7gSnxkU1hPp3Rc.mp4?tag=21
'1982551758640689257',"@camhigby Last night they literally were dismantled, I know they will make an attempt to be back. It’s really up to Portland police if ANTIFA will come back and take control of the streets once again.",en,Reply,8,1348,90,43,16095,10/26/2025 16:55,,,
'1982550844446056873',@Tommy4Trump420 @PtownPatriot82 YOU THE MAN TOMMY,en,Reply,0,326,6,7,6268,10/26/2025 16:52,,,
'1982525007097168218',@mentallyidaho @JdDelay5150 Appreciate you and JD!,en,Reply,1,305,6,4,4745,10/26/2025 15:09,,,
'1982519056973611168',"@camhigby Wow, interested to see how they react…",en,Reply,1,774,27,34,11484,10/26/2025 14:45,,,
'1982212863121883344',"🚨HAPPENING NOW
ANTIFA have taken control of the streets and not letting cars through. Police are no where, drivers are now taking a detour to get to their destination. 

Something as simple as this, why does Portland allow this to happen? https://t.co/o6GDOzNohf",en,Post,1228,40468,10364,3122,1154614,10/25/2025 18:29,,video,https://video.twimg.com/amplify_video/1982210233213583360/vid/avc1/2160x3840/8fBP7Vnp719-nRHO.mp4?tag=21
'1982212882478567644',https://t.co/143RR0rdU7,zxx,Reply,13,776,86,48,38828,10/25/2025 18:29,,photo,https://pbs.twimg.com/media/G4I8GY6WUAAqiA3.jpg
'1982166588577951928',@Kummernuss @davidmedinapdx Agreed,en,Reply,0,2,1,1,189,10/25/2025 15:25,,,
'1982147743456923806',@hunnybadgermom @NelisonDarin is a beast,en,Reply,3,631,20,16,9852,10/25/2025 14:10,,,
'1982024575048458581',@NelisonDarin Top g,en,Reply,3,503,18,8,7418,10/25/2025 6:00,,,
'1981527526427304305',Justice being served 🧊 https://t.co/aLv4jRfdyA,en,Post,3684,44414,4285,745,248247,10/23/2025 21:05,,video,https://video.twimg.com/amplify_video/1981527228887236608/vid/avc1/1080x1920/aJW_Ru34Ajpca81J.mp4?tag=21
'1981527528973214153',"*For added context on Sept 7 I filmed a YouTube video showing the illegal market that has exploded on Canal st. The guys in this video where selling dr*gs openly on the street and will most likely be deported… now that they have been arrested it turns out the man in the yellow jacket had his final order given in 2009 and avoided deportation, him and his crew have records of robbery, burglary, domestic violence, assaulting law enforcement, counterfeiting, drug trafficking, drug possession, and forgery. 

Couldn’t believe it was the guys when I saw the news, the Feds aren’t playing 👀💀",en,Reply,62,1739,97,47,47202,10/23/2025 21:05,,,
'1981376338813735151',"Man calls Anti-ICE protesters “lunatic liberals” in NYC:
In NYC protest erupted after ICE arrested 9 illegal migrants on Canal St. The 9 illegals who were arrested have records of robbery, burglary, domestic violence, assaulting law enforcement, counterfeiting, drug trafficking, drug possession, and forgery. 

In essence these protesters were protesting the arrest of illegal criminals, do you think these protesters know why they are protesting? Or do you find it unjustifiable to enforce laws and arrest illegal migrants known for committing crimes?",en,Post,210,5514,977,103,79182,10/23/2025 11:05,,video,https://video.twimg.com/amplify_video/1981371884831666176/vid/avc1/1080x1920/UBDaIiwZagNBtXiT.mp4?tag=21
'1981376683342221781',If you appreciate my work give me a follow here on X and watch the full video on YouTube. It’s attached below 👇🏼,en,Reply,3,377,38,14,17493,10/23/2025 11:06,,,
'1981376909281022063',Highly suggest giving this a watch https://t.co/yVmA3j0LsE,en,Reply,6,215,34,6,28723,10/23/2025 11:07,https://youtu.be/3yOqdhEEWng?si=jSZV83oQmfj1Imuw,,
'1981235397100290116',@buildingbulldog Well said,en,Reply,2,63,1,1,1788,10/23/2025 1:45,,,
'1981223199095370130',"@NickProbes 2 arrest tonight, wasn’t anything too “violent” but these protesters targeting and hitting others will only escalate if police don’t take action.",en,Reply,0,11,2,0,226,10/23/2025 0:56,,,
'1981222257688285265',@NickProbes Party of censorship,en,Reply,0,9,0,2,230,10/23/2025 0:52,,,
'1981175014377607259',🚨 ANTIFA in black bloc followed me to my hotel after my livestream.  Luckily I noticed before entering and chased them away and got hit with pepper spray and ANTIFA ran off into the subway https://t.co/R8B59GUx3x,en,Post,309,10530,1704,350,214821,10/22/2025 21:45,,video,https://video.twimg.com/amplify_video/1981174951756333056/vid/avc1/1080x1920/-G5wOo8d_3nZRPIB.mp4?tag=21
'1981198576933028008',@Shilo110 Chasing them away from me,en,Reply,0,190,1,7,4188,10/22/2025 23:18,,,
'1981198486017364079',@Hunter_Weiss insane,tr,Reply,0,119,0,8,4036,10/22/2025 23:18,,,
'1981175018831712344',"ANTIFA 1 Nick 0, by no means do I plan to seek revenge. I’m a journalist who covers all issues with the intent to give others a platform to voice their opinion.  This wasn’t necessary nor were the 2 attacks during the livestream (NYPD did arrest those individuals). 
God bless,
Nick",en,Reply,12,850,48,60,25755,10/22/2025 21:45,,,
'1981086986485043626',"🚨 NYC Canal St is CLEAR. There are no counterfeit scammers or drug dealers on the streets today, they have been ICED 🧊 https://t.co/CaDffAnrFP",en,Post,1237,72629,10071,1679,983694,10/22/2025 15:55,,video,https://video.twimg.com/amplify_video/1981086902145949696/vid/avc1/1080x1920/mucBToGP_FhIsgul.mp4?tag=21
'1981044431760273612',"🚨 PROTEST ERUPT IN NYC AS ICE RAIDS CANAL ST (full video): 
ICE raids break lose in NYC as the feds crack down on drug dealers and counterfeit sellers on the infamous Canal St, protesters surrounded ICE as they went back into the federal buildings. The 9 illegals who arrested have records of robbery, burglary, domestic violence, assaulting law enforcement, counterfeiting, drug trafficking, drug possession, and forgery… a few protesters were arrested as well.

Do you support ICE raids in NYC?",en,Post,2568,25201,5221,1860,1304265,10/22/2025 13:06,,video,https://video.twimg.com/amplify_video/1980992016172322816/vid/avc1/1920x1080/m05vFkKIEFlqfAJG.mp4?tag=21
'1981044680142839962',"If you appreciate my work follow me here on X, and the full video is always posted first on my youtube watch below!",en,Reply,6,1018,63,47,53723,10/22/2025 13:07,,,
'1981044772640084110',WATCH ON YOUTUBE: https://t.co/TzP5JNu6sh,en,Reply,16,533,96,18,83881,10/22/2025 13:07,https://youtu.be/3yOqdhEEWng,,
'1981041925135221149',Bros just got ICED 🧊 https://t.co/j1kektVQOU,en,Post,193,10151,1321,390,248651,10/22/2025 12:56,,photo,https://pbs.twimg.com/media/G34TIdPXQAAwMTJ.jpg
'1980992737781612877',@bennyjohnson Fellas got locked up https://t.co/g14UqkZqMD,en,Reply,7,1492,102,49,12044,10/22/2025 9:40,,photo,https://pbs.twimg.com/media/G33mZX_WgAARZCm.jpg
'1980989997579948098',@Timcast https://t.co/ALydADYW9h,qme,Reply,4,1188,93,36,10051,10/22/2025 9:29,,photo,https://pbs.twimg.com/media/G33j52JW4AAX7su.jpg
'1980837405684035973',@GuntherEagleman Wild,en,Reply,2,516,13,22,7885,10/21/2025 23:23,,,
'1980807866610282534',@EricLDaugh So many people messaged me after I posted this video a few weeks ago saying they sent reports into ICE and it looks like DHS took notice. Government is watching and observing,en,Reply,15,3661,205,102,36041,10/21/2025 21:26,,,
'1980771765585690695',"🚨 ICE just raided Canal St in NYC:
Here is a video of some of the migrants who illegally sell on Canal St

These are the drug dealers and illegal counterfeit sellers people are mad about being deported https://t.co/X3J35exOhP",en,Post,2950,45042,9874,2428,2847106,10/21/2025 19:02,,video,https://video.twimg.com/amplify_video/1980771493475704832/vid/avc1/1080x1920/-MqUSUsaYqH6jG0d.mp4?tag=21
'1980778154634465749',Looks like bro just got arrested 👀 full video is linked below https://t.co/hD2BF9YN0t,en,Reply,124,6375,677,274,139382,10/21/2025 19:28,,photo,https://pbs.twimg.com/media/G30jPAyW0AArQ5x.jpg
'1980779643935543596',Full video from Canal Street: https://t.co/FMPge1SbWe,en,Reply,64,1487,208,58,187455,10/21/2025 19:34,https://youtu.be/RDdYdJ4-VZY?si=EHVwh_D9K0S9s64f,,
'1980777481029177804',@JLRINVESTIGATES I can walk stress free on canal street now 😅,en,Reply,10,3472,107,79,24694,10/21/2025 19:25,,,
'1980463598074986644',@JamesOKeefeIII Wow impressive work! The corruption is real,en,Reply,0,435,22,2,10255,10/20/2025 22:38,,,
'1980337366016618625',@EndWokeness The moment bro realized he’s actually a republican 🤣,en,Reply,6,1050,31,22,10764,10/20/2025 14:16,,,
'1980122079614939630',@chronicparent @OKeefeMedia @KarePatrio39892 @elonmusk Thank you!,en,Reply,0,5,0,0,169,10/20/2025 0:01,,,
'1980122037487309195',@Rororowyaboatz @OKeefeMedia @elonmusk Let’s gooooo,en,Reply,0,3,0,1,147,10/20/2025 0:00,,,
'1980067337660494155',"This is a must watch 😂 
Protester couple can’t agree on the topic of deportation of ILLEGAL migrants 

I fear I just ended their relationship💀 https://t.co/nx4lmu0Kdn",en,Post,1998,18469,2163,667,684076,10/19/2025 20:23,,video,https://video.twimg.com/amplify_video/1980067261344894976/vid/avc1/1080x1080/VrQfJRiw0aGvyznt.mp4?tag=21
'1980108784111657107',If you enjoy my videos follow me here on X! Something new everyweek 👀,en,Reply,3,539,20,20,45713,10/19/2025 23:08,,,
'1980082447338684698',@decoyposts 💯,qme,Reply,1,273,1,2,24608,10/19/2025 21:23,,,
'1980068046799868394',@NateFriedman97 @BillAckman People should vote for Sliwa you can tell the man loves NYC,en,Reply,0,317,31,9,6018,10/19/2025 20:26,,,
'1980041401577439574',Everything I said here is true,en,Post,25,1058,165,36,56564,10/19/2025 18:40,,,
'1980027193246761034',@tarafaul503 @sporeperson You’re a great person Tara!,en,Reply,0,12,0,2,260,10/19/2025 17:44,,,
'1980027076750303683',"George Soros and others are trying to destroy the West but will ultimately fail as his attempts only make his opposition even stronger and bigger. 
The people have had enough.",en,Post,62,1355,316,52,87715,10/19/2025 17:43,,,
'1979675250670657672',"This is amazing 😂 paid protester wearing Gucci glasses starts following me with “right wing troll” sign. George Soros must be paying good to be buying Gucci! 
Sign me up🤣 https://t.co/VZLvmIIl75",en,Post,1068,70330,9181,2034,2400050,10/18/2025 18:25,,video,https://video.twimg.com/amplify_video/1979675130348421120/vid/avc1/2144x1206/kmP0VqYJVpwrAyGD.mp4?tag=21
'1980020258728783998',@grok @Fletch198 @derg_corv Thanks for the fact check grok 🫡,en,Reply,1,295,6,8,3021,10/19/2025 17:16,,,
'1979702211644166431',"As always if you appreciate my videos, give me a follow on X!",en,Reply,5,1510,55,66,56417,10/18/2025 20:12,,,
'1979977961387237839',"I also want to add this livestream was 100% peaceful and full of great conversations until these paid protesters started following me with a “right wing troll” sign trying to get me to leave the protest, here is the video https://t.co/tQ0LxR13dz",en,Reply,4,421,54,22,44196,10/19/2025 14:28,https://www.youtube.com/live/or-T2R5x_4E?si=u8A3t4tXbibuoWiJ,,
'1979735867054039269',"Just a reminder these are the people calling you a fascist:
- They don’t support free speech 
- Will label you a Nazi
- Support the assassination of their opposition 
Who’s the real fascist? https://t.co/QiH3gLxexF",en,Post,286,9448,1825,294,87518,10/18/2025 22:26,,video,https://video.twimg.com/amplify_video/1979735684815441920/vid/avc1/1080x1080/8YeHZInI_zJtr4nG.mp4?tag=21
'1979977353200623885',As always if you appreciate my work follow me here on X!,en,Reply,0,237,9,9,12252,10/19/2025 14:26,,,
'1979751611284250850',"RT @undefined: A FIRE has started as chaos erupts as DHS Agents Deploy Massive CS Gas Barrage, Clearing Four Blocks in Portland, OR.
A thousand scatter in panic as clouds of tear gas engulf city streets, forcing civilians to seek shelter amid the mayhem. https://t.co/Msrn4Ebm8g",en,Repost,148,2191,399,186,249139,10/18/2025 23:29,,video,https://video.twimg.com/amplify_video/1979739445403299840/vid/avc1/3840x2160/6xl4iQyNZZs9sJNX.mp4?tag=21
'1979731872436592991',@tyleraloevera And it’s not bad to stand up and speak out,en,Reply,6,507,14,6,9801,10/18/2025 22:10,,,
'1979710047111590145',@derg_corv Me myself and I,en,Reply,1,533,5,57,20481,10/18/2025 20:43,,,
'1998411634251903021',pov: top of your wish list https://t.co/WCL4ywNk2r,en,Post,169,1047,72,39,13552232,12/9/2025 10:17,,photo,https://pbs.twimg.com/media/G7vIx1QXoAAskdG.jpg
'1979642449619485137',"🚨 Protester in NYC has “New Kirk’s” cigarette poster with the words:
“have you smoked your Kirk’s today”

These are the people who call you a fascist.",en,Post,119,2557,708,145,60063,10/18/2025 16:15,,,
'1979568222761336990',"🚨While on a ICE ride along in Chicago, ICE agents found this man from Guatemala appear in their system and arrested him. Despite somehow having a drivers license, that does not give you legal status in the U.S. and now this man will go to his court date and face an immigration judge who will determine whether he is deported or given permission to stay in the U.S. 

Did you know IDs/drivers license didn’t give you legal status in the USA? I did not 👀",en,Post,123,4250,591,110,188047,10/18/2025 11:20,,video,https://video.twimg.com/amplify_video/1979566966177153024/vid/avc1/1080x1920/pf5UzqeFzOqTAo_2.mp4?tag=21
'1979568225080787308',I am LIVE NOW on YouTube at No Kings Protest join here 👇🏼,en,Reply,1,248,15,20,20522,10/18/2025 11:20,,,
'1979575044566089777',https://t.co/Nxnpuas8S8,zxx,Reply,5,174,33,15,30423,10/18/2025 11:47,https://www.youtube.com/live/-nqpwY1uxCc?si=9cEN60zDc2tPQErq,,
'1979356136877793702',"🚨 ICE Agent calls out Chicago Mayor and Governor Pritzker for PROTECTING CRIMINALS and putting ICE Agents life at risk:

Agent explains that by hiding the criminals and telling citizens “to hit record” citizens take it to another level where they think they can impede the arrest, putting ICE Agents in a dangerous situation because they don’t know if they have a weapon. 

How are elected officials protecting illegals over law enforcement? Insane.",en,Post,267,8926,2152,271,126879,10/17/2025 21:17,,video,https://video.twimg.com/amplify_video/1979355957877518336/vid/avc1/1080x1920/fNYSa7AhlQBPlPwT.mp4?tag=21
'1979360105083867356',To watch my full ride along with ICE watch here 👇🏼,en,Reply,2,173,10,7,14078,10/17/2025 21:33,,,
'1979360184167469313',https://t.co/yWHwhn9KAE,zxx,Reply,12,175,34,2,23052,10/17/2025 21:33,https://youtu.be/Hrd9Tieq20E?si=6HUJT_f9RTig_Bsk,,
'1979359991896436811',@lamps_apple 😂😂,qme,Reply,0,13,0,2,1292,10/17/2025 21:32,,,
'1979293673209892987',This is what they think of you. They are not even trying to hide it. Imagine if you did this? Riots would take place. https://t.co/CWmGfeNHFz,en,Post,218,4570,1057,341,108237,10/17/2025 17:09,,photo,https://pbs.twimg.com/media/G3fdGzHWwAAleoJ.jpg
'1979266314922524820',"Man goes off on Anti-ICE Protesters in Chicago 🔥
15 Anti-ICE protesters were arrested in Chicago outside of an ICE detention facility. This man was there to see what was happening for himself and said these protesters have “drank the Kool-aid” 

And says these protesters have “No moral compass” as they assault officers and warns what they will do to normal citizens as well 👀",en,Post,125,3214,674,38,37566,10/17/2025 15:20,,video,https://video.twimg.com/amplify_video/1979265974953000960/vid/avc1/1080x1920/zc221MD1ECz8gBt4.mp4?tag=21
'1979030548736508404',@stoolpresidente Maverick are the best gas stations in America,en,Reply,3,84,2,17,4250,10/16/2025 23:43,,,
'1978918143134187707',@tarafaul503 So sad!!,en,Reply,0,131,2,6,6756,10/16/2025 16:17,,,
'1978918047604969681',"What is sad about these democrat ran states is their policies/ideas are destroying life’s for immigrants, as they use them for political pawns. Meanwhile all they actually give to migrants is false hope:
- “Let’s open the border” women and children get rapped and assaulted by cartels on their journey.
- “Get a job while you aren’t legal, it’s no big deal” gets busted and then faces deportation.

Illegal migrants life’s are getting setback years on the false hope life will be better in the United States. Law and order doesn’t have sympathy and people are having to learn that the hard way unfortunately.",en,Post,33,871,156,42,47572,10/16/2025 16:16,,,
'1978893031563509769',@WallStreetApes INSANE!!,tr,Reply,2,113,6,13,6031,10/16/2025 14:37,,,
'1978891993729425656',"🚨 In NYC Zohran Mamdani has a 86% chance of becoming the next NYC mayor. While Cuomo is at 14% and Sliwa trails behind according to Kalshi

Mamdani wants city run grocery stores, free buses, tax the rich an additional 2% (52% tax total) and recently went on Fox News and did not say Hamas should lay down their weapons. He says he’s a democrat-socialist but his ideas are very communist like.

What is happening to NYC??",en,Post,123,2694,609,345,131102,10/16/2025 14:33,,video,https://video.twimg.com/amplify_video/1978891893229359104/vid/avc1/1080x1920/rN4Q0bQo65hFHk-y.mp4?tag=21
'1978649495391830203',"@MrAndyNgo Wow, good work Andy!",en,Reply,1,959,30,6,33888,10/15/2025 22:29,,,
'1978598851041755384',"🚨 ICE agent confronts protester who tracked down ICE vehicle 

“There is a lot of criminals you’re trying to protect too…if you talk to your mayor things will be a little different… he protecting the criminals”

Chicago mayor and governor Pritzker  are putting EVERYONE at risk with their actions!",en,Post,118,3017,573,91,145394,10/15/2025 19:08,,video,https://video.twimg.com/amplify_video/1978595217801355264/vid/avc1/3840x2160/HjyBnZaAYRIi60H8.mp4?tag=21
'1978598854367842315',Will be posting more from my ride along with ICE to see it follow me here on X!,en,Reply,0,456,33,12,17056,10/15/2025 19:08,,,
'1978599271906590825',HERE IS THE FULL VIDEO: https://t.co/aqmOlWo3kr,en,Reply,11,334,64,17,27618,10/15/2025 19:10,https://youtu.be/Hrd9Tieq20E?si=GFGUl7ADLKKtxhhw,,
'1978599018264449424',@darren_stallcup San Fran is another 💩 hole in America,en,Reply,0,74,2,7,1697,10/15/2025 19:09,,,
'1978507446017458349',"🚨 5 illegals escape deportation in Chicago as protesters waving the Mexico flag crash operation 

ICE identified a wanted illegal who had once been deported. Protesters nearby stormed the deportation attempt and illegals ran into the protest to blend in as other ran away. 

Should ICE be allowed to arrest those that impede on a law enforcement investigation?",en,Post,280,5315,1457,485,144108,10/15/2025 13:05,,video,https://video.twimg.com/amplify_video/1978507289691668480/vid/avc1/1080x1920/w9Q4IdsSc6RnKHFz.mp4?tag=21
'1978507911409152501',These same protesters surrounded the car before and played music to try and let the community know that ICE was there. I made a full video here it is👇🏼,en,Reply,9,401,43,11,14147,10/15/2025 13:06,,,
'1978508032242811351',You won’t believe the madness click here https://t.co/tPL0xLE1hn,en,Reply,20,238,48,8,23244,10/15/2025 13:07,https://youtu.be/Hrd9Tieq20E?si=YZDuK2i0HItRWdPD,,
'1978487422662123531',"@AaronKe43734515 That is not me, it’s a fake account! Glad you appreciate my work tho!!",en,Reply,0,2,0,1,171,10/15/2025 11:45,,,
'1978238478644121817',@Tommy4Trump420 Amen,en,Reply,0,60,2,1,1919,10/14/2025 19:16,,,
'1978236234041266616',@DivintyMary @Tommy4Trump420 This explains a lot,en,Reply,0,38,1,1,1287,10/14/2025 19:07,,,
'1977979055480922366',"@kevinvdahlgren @tarafaul503 @Brookerteejones Great to meet you and spend the day in Portland, keep up the great work Portland needs you and Tara! 🫡",en,Reply,0,138,4,4,2601,10/14/2025 2:05,,,
'1977903383819223191',🚨 Here in Portland ANTIFA/Protesters have received a U-Haul full of their gear as they setup for another night of protesting outside the ICE facility https://t.co/Vn6sbo5JRE,en,Post,1281,31716,11064,1816,567400,10/13/2025 21:04,,video,https://video.twimg.com/amplify_video/1977903167233994752/vid/avc1/2160x3840/FziA0GEr0U-s_Zpe.mp4?tag=21
'1977903386516414872',They said it is their stuff that has been taken away.They have a camp setup on the side walk where people eat and sleep to continue the 24/7 protest,en,Reply,10,821,96,58,29890,10/13/2025 21:04,,,
'1977887396013474220',"🚨MUST WATCH:
This is why Tommy Robinson is in court as they try to put him in prison underneath the “terrorism act” for not giving the UK government his phone password. 

When arrested and demanded by the UK government to speak, they asked Tommy his plan to stop the “great replacement”. Proving that the UK and Europe have planned the invasion of the west. 

“We’re coming for you, we’re waking this country up” by attacking and attempting to put Tommy in prison it only makes his movement and base even stronger. Go on and fight Tommy! 
@TRobinsonNewEra",en,Post,106,1816,412,44,43343,10/13/2025 20:01,,video,https://video.twimg.com/amplify_video/1977886453708541952/vid/avc1/2144x1206/AJ_mBEY7GfY15XLH.mp4?tag=21
'1977623175539372433',@TRobinsonNewEra Praying for the best Tommy! 🙏🏼,en,Reply,1,532,13,4,6485,10/13/2025 2:31,,,
'1977519758276014524',"🚨 People are now naked outside Portland ICE facility 

Screenshot via @hunnybadgermom livestream https://t.co/0826psg9EG",en,Post,38,992,147,189,41176,10/12/2025 19:40,,photo,https://pbs.twimg.com/media/G3GPvUbaUAAqPob.jpg
'1977522076526461128',Believe this is part of some naked bike ride event that happens in Portland.,en,Reply,1,392,18,39,21872,10/12/2025 19:49,,,
'1977419924948807691',@SRS_jeremy @WSJ Great work fellas!,en,Reply,0,24,2,0,1807,10/12/2025 13:03,,,
'1977183059297304976',"@visegrad24 Glad to have made it out before an actually attack took place but full video will be out soon, first on my YouTube",en,Reply,34,2925,186,147,27166,10/11/2025 21:22,,,
'1977256756775694733',"@visegrad24 Also want to add this was not near the facility, all clarity/questions will be in answered in the youtube video",en,Reply,1,143,3,3,2800,10/12/2025 2:15,,,
'1977186677694115896',Chiraq is real,en,Post,88,2249,387,185,92856,10/11/2025 21:36,,,
'1977187942821994792',"Working on getting the full YouTube video made atm and will be posted soon, subscribe to see it first. Or follow me on x to see it as well!",en,Reply,6,849,45,48,24860,10/11/2025 21:41,,,
'1977188012065689811',https://t.co/yIeyacpRSF,zxx,Reply,13,334,45,26,39421,10/11/2025 21:42,http://YouTube.com/@nickshirley,,
